{
  "project_info": {
    "project_number": "467125613498",
    "firebase_url": "https://travelmantics-cccd9.firebaseio.com",
    "project_id": "travelmantics-cccd9",
    "storage_bucket": "travelmantics-cccd9.appspot.com"
  },
  "client": [
    {
      "client_info": {
        "mobilesdk_app_id": "1:467125613498:android:b4470d06b32c6715",
        "android_client_info": {
          "package_name": "com.example.travelmantics"
        }
      },
      "oauth_client": [
        {
          "client_id": "467125613498-lpnprsbcerlpsoatkh6v550hog1ubg5d.apps.googleusercontent.com",
          "client_type": 3
        }
      ],
      "api_key": [
        {
          "current_key": "AIzaSyDeh0QeXZ7FBWwZeTtpQ57g1Kv53HjqFqA"
        }
      ],
      "services": {
        "appinvite_service": {
          "other_platform_oauth_client": [
            {
              "client_id": "467125613498-lpnprsbcerlpsoatkh6v550hog1ubg5d.apps.googleusercontent.com",
              "client_type": 3
            }
          ]
        }
      }
    }
  ],
  "configuration_version": "1"
}